"id","municipality_number","municipality_name","district_number","canton_code","gdekt","gdebznr","gdenr","gdename","gdenamk","gdebzna","gdektna","gdemutdat"
75602430301,301,"Aarberg",243,"BE","BE",243,301,"Aarberg","Aarberg","Verwaltungskreis Seeland","Bern / Berne","2010-01-01"
75602440321,321,"Aarwangen",244,"BE","BE",244,321,"Aarwangen","Aarwangen","Verwaltungskreis Oberaargau","Bern / Berne","2010-01-01"
75602490561,561,"Adelboden",249,"BE","BE",249,561,"Adelboden","Adelboden","Verwaltungskreis Frutigen-Niedersimmental","Bern / Berne","2010-01-01"
75602450401,401,"Aefligen",245,"BE","BE",245,401,"Aefligen","Aefligen","Verwaltungskreis Emmental","Bern / Berne","2010-01-01"
75602420731,731,"Aegerten",242,"BE","BE",242,731,"Aegerten","Aegerten","Verwaltungskreis Biel/Bienne","Bern / Berne","2010-01-01"
75602490562,562,"Aeschi bei Spiez",249,"BE","BE",249,562,"Aeschi bei Spiez","Aeschi bei Spiez","Verwaltungskreis Frutigen-Niedersimmental","Bern / Berne","2010-01-01"
75602450951,951,"Affoltern im Emmental",245,"BE","BE",245,951,"Affoltern im Emmental","Affoltern im Emmental","Verwaltungskreis Emmental","Bern / Berne","2010-01-01"
75602450402,402,"Alchenstorf",245,"BE","BE",245,402,"Alchenstorf","Alchenstorf","Verwaltungskreis Emmental","Bern / Berne","2010-01-01"
75602460630,630,"Allmendingen",246,"BE","BE",246,630,"Allmendingen","Allmendingen","Verwaltungskreis Bern-Mittelland","Bern / Berne","2010-01-01"
75602470921,921,"Amsoldingen",247,"BE","BE",247,921,"Amsoldingen","Amsoldingen","Verwaltungskreis Thun","Bern / Berne","2010-01-01"
75602430381,381,"Arch",243,"BE","BE",243,381,"Arch","Arch","Verwaltungskreis Seeland","Bern / Berne","2010-01-01"
75602460602,602,"Arni (BE)",246,"BE","BE",246,602,"Arni (BE)","Arni (BE)","Verwaltungskreis Bern-Mittelland","Bern / Berne","2010-01-01"
75602440971,971,"Attiswil",244,"BE","BE",244,971,"Attiswil","Attiswil","Verwaltungskreis Oberaargau","Bern / Berne","2010-01-01"
75602440322,322,"Auswil",244,"BE","BE",244,322,"Auswil","Auswil","Verwaltungskreis Oberaargau","Bern / Berne","2010-01-01"
75602430382,382,"Büetigen",243,"BE","BE",243,382,"Büetigen","Büetigen","Verwaltungskreis Seeland","Bern / Berne","2010-01-01"
75602430734,734,"Bühl",243,"BE","BE",243,734,"Bühl","Bühl","Verwaltungskreis Seeland","Bern / Berne","2010-01-01"
75602500572,572,"Bönigen",250,"BE","BE",250,572,"Bönigen","Bönigen","Verwaltungskreis Interlaken-Oberhasli","Bern / Berne","2010-01-01"
75602430383,383,"Büren an der Aare",243,"BE","BE",243,383,"Büren an der Aare","Büren an der Aare","Verwaltungskreis Seeland","Bern / Berne","2010-01-01"
75602460403,403,"Bäriswil",246,"BE","BE",246,403,"Bäriswil","Bäriswil","Verwaltungskreis Bern-Mittelland","Bern / Berne","2010-01-01"
75602450533,533,"Bätterkinden",245,"BE","BE",245,533,"Bätterkinden","Bätterkinden","Verwaltungskreis Emmental","Bern / Berne","2010-01-01"
75602440323,323,"Bannwil",244,"BE","BE",244,323,"Bannwil","Bannwil","Verwaltungskreis Oberaargau","Bern / Berne","2010-01-01"
75602430302,302,"Bargen (BE)",243,"BE","BE",243,302,"Bargen (BE)","Bargen (BE)","Verwaltungskreis Seeland","Bern / Berne","2010-01-01"
75602500571,571,"Beatenberg",250,"BE","BE",250,571,"Beatenberg","Beatenberg","Verwaltungskreis Interlaken-Oberhasli","Bern / Berne","2010-01-01"
75602420732,732,"Bellmund",242,"BE","BE",242,732,"Bellmund","Bellmund","Verwaltungskreis Biel/Bienne","Bern / Berne","2010-01-01"
75602460861,861,"Belp",246,"BE","BE",246,861,"Belp","Belp","Verwaltungskreis Bern-Mittelland","Bern / Berne","2012-01-01"
75602410681,681,"Belprahon",241,"BE","BE",241,681,"Belprahon","Belprahon","Arrondissement administratif Jura bernois","Bern / Berne","2010-01-01"
75602440972,972,"Berken",244,"BE","BE",244,972,"Berken","Berken","Verwaltungskreis Oberaargau","Bern / Berne","2010-01-01"
75602460351,351,"Bern",246,"BE","BE",246,351,"Bern","Bern","Verwaltungskreis Bern-Mittelland","Bern / Berne","2010-01-01"
75602440973,973,"Bettenhausen",244,"BE","BE",244,973,"Bettenhausen","Bettenhausen","Verwaltungskreis Oberaargau","Bern / Berne","2011-01-01"
75602420371,371,"Biel/Bienne",242,"BE","BE",242,371,"Biel/Bienne","Biel/Bienne","Verwaltungskreis Biel/Bienne","Bern / Berne","2010-01-01"
75602460603,603,"Biglen",246,"BE","BE",246,603,"Biglen","Biglen","Verwaltungskreis Bern-Mittelland","Bern / Berne","2010-01-01"
75602440324,324,"Bleienbach",244,"BE","BE",244,324,"Bleienbach","Bleienbach","Verwaltungskreis Oberaargau","Bern / Berne","2010-01-01"
75602470922,922,"Blumenstein",247,"BE","BE",247,922,"Blumenstein","Blumenstein","Verwaltungskreis Thun","Bern / Berne","2010-01-01"
75602460352,352,"Bolligen",246,"BE","BE",246,352,"Bolligen","Bolligen","Verwaltungskreis Bern-Mittelland","Bern / Berne","2010-01-01"
75602480791,791,"Boltigen",248,"BE","BE",248,791,"Boltigen","Boltigen","Verwaltungskreis Obersimmental-Saanen","Bern / Berne","2010-01-01"
75602460605,605,"Bowil",246,"BE","BE",246,605,"Bowil","Bowil","Verwaltungskreis Bern-Mittelland","Bern / Berne","2010-01-01"
75602420733,733,"Brügg",242,"BE","BE",242,733,"Brügg","Brügg","Verwaltungskreis Biel/Bienne","Bern / Berne","2010-01-01"
75602430491,491,"Brüttelen",243,"BE","BE",243,491,"Brüttelen","Brüttelen","Verwaltungskreis Seeland","Bern / Berne","2010-01-01"
75602460353,353,"Bremgarten bei Bern",246,"BE","BE",246,353,"Bremgarten bei Bern","Bremgarten bei Bern","Verwaltungskreis Bern-Mittelland","Bern / Berne","2010-01-01"
75602460606,606,"Brenzikofen",246,"BE","BE",246,606,"Brenzikofen","Brenzikofen","Verwaltungskreis Bern-Mittelland","Bern / Berne","2010-01-01"
75602500573,573,"Brienz (BE)",250,"BE","BE",250,573,"Brienz (BE)","Brienz (BE)","Verwaltungskreis Interlaken-Oberhasli","Bern / Berne","2010-01-01"
75602500574,574,"Brienzwiler",250,"BE","BE",250,574,"Brienzwiler","Brienzwiler","Verwaltungskreis Interlaken-Oberhasli","Bern / Berne","2010-01-01"
75602470923,923,"Buchholterberg",247,"BE","BE",247,923,"Buchholterberg","Buchholterberg","Verwaltungskreis Thun","Bern / Berne","2010-01-01"
75602450404,404,"Burgdorf",245,"BE","BE",245,404,"Burgdorf","Burgdorf","Verwaltungskreis Emmental","Bern / Berne","2010-01-01"
75602470863,863,"Burgistein",247,"BE","BE",247,863,"Burgistein","Burgistein","Verwaltungskreis Thun","Bern / Berne","2010-01-01"
75602440325,325,"Busswil bei Melchnau",244,"BE","BE",244,325,"Busswil bei Melchnau","Busswil bei Melchnau","Verwaltungskreis Oberaargau","Bern / Berne","2010-01-01"
75602410683,683,"Champoz",241,"BE","BE",241,683,"Champoz","Champoz","Arrondissement administratif Jura bernois","Bern / Berne","2010-01-01"
75602460661,661,"Clavaleyres",246,"BE","BE",246,661,"Clavaleyres","Clavaleyres","Verwaltungskreis Bern-Mittelland","Bern / Berne","2010-01-01"
75602410687,687,"Corcelles (BE)",241,"BE","BE",241,687,"Corcelles (BE)","Corcelles (BE)","Arrondissement administratif Jura bernois","Bern / Berne","2010-01-01"
75602410431,431,"Corgémont",241,"BE","BE",241,431,"Corgémont","Corgémont","Arrondissement administratif Jura bernois","Bern / Berne","2010-01-01"
75602410432,432,"Cormoret",241,"BE","BE",241,432,"Cormoret","Cormoret","Arrondissement administratif Jura bernois","Bern / Berne","2010-01-01"
75602410433,433,"Cortébert",241,"BE","BE",241,433,"Cortébert","Cortébert","Arrondissement administratif Jura bernois","Bern / Berne","2010-01-01"
75602410690,690,"Court",241,"BE","BE",241,690,"Court","Court","Arrondissement administratif Jura bernois","Bern / Berne","2010-01-01"
75602410434,434,"Courtelary",241,"BE","BE",241,434,"Courtelary","Courtelary","Arrondissement administratif Jura bernois","Bern / Berne","2010-01-01"
75602410691,691,"Crémines",241,"BE","BE",241,691,"Crémines","Crémines","Arrondissement administratif Jura bernois","Bern / Berne","2010-01-01"
75602500575,575,"Därligen",250,"BE","BE",250,575,"Därligen","Därligen","Verwaltungskreis Interlaken-Oberhasli","Bern / Berne","2010-01-01"
75602450952,952,"Dürrenroth",245,"BE","BE",245,952,"Dürrenroth","Dürrenroth","Verwaltungskreis Emmental","Bern / Berne","2010-01-01"
75602490761,761,"Därstetten",249,"BE","BE",249,761,"Därstetten","Därstetten","Verwaltungskreis Frutigen-Niedersimmental","Bern / Berne","2010-01-01"
75602460535,535,"Deisswil bei Münchenbuchsee",246,"BE","BE",246,535,"Deisswil bei Münchenbuchsee","Deisswil b. Münchenbuch.","Verwaltungskreis Bern-Mittelland","Bern / Berne","2010-01-01"
75602460536,536,"Diemerswil",246,"BE","BE",246,536,"Diemerswil","Diemerswil","Verwaltungskreis Bern-Mittelland","Bern / Berne","2010-01-01"
75602490762,762,"Diemtigen",249,"BE","BE",249,762,"Diemtigen","Diemtigen","Verwaltungskreis Frutigen-Niedersimmental","Bern / Berne","2010-01-01"
75602430385,385,"Diessbach bei Büren",243,"BE","BE",243,385,"Diessbach bei Büren","Diessbach bei Büren","Verwaltungskreis Seeland","Bern / Berne","2010-01-01"
75602430386,386,"Dotzigen",243,"BE","BE",243,386,"Dotzigen","Dotzigen","Verwaltungskreis Seeland","Bern / Berne","2010-01-01"
75602450901,901,"Eggiwil",245,"BE","BE",245,901,"Eggiwil","Eggiwil","Verwaltungskreis Emmental","Bern / Berne","2010-01-01"
75602430735,735,"Epsach",243,"BE","BE",243,735,"Epsach","Epsach","Verwaltungskreis Seeland","Bern / Berne","2010-01-01"
75602440953,953,"Eriswil",244,"BE","BE",244,953,"Eriswil","Eriswil","Verwaltungskreis Oberaargau","Bern / Berne","2010-01-01"
75602470924,924,"Eriz",247,"BE","BE",247,924,"Eriz","Eriz","Verwaltungskreis Thun","Bern / Berne","2010-01-01"
75602430492,492,"Erlach",243,"BE","BE",243,492,"Erlach","Erlach","Verwaltungskreis Seeland","Bern / Berne","2010-01-01"
75602490763,763,"Erlenbach im Simmental",249,"BE","BE",249,763,"Erlenbach im Simmental","Erlenbach im Simmental","Verwaltungskreis Frutigen-Niedersimmental","Bern / Berne","2010-01-01"
75602450405,405,"Ersigen",245,"BE","BE",245,405,"Ersigen","Ersigen","Verwaltungskreis Emmental","Bern / Berne","2016-01-01"
75602410692,692,"Eschert",241,"BE","BE",241,692,"Eschert","Eschert","Arrondissement administratif Jura bernois","Bern / Berne","2010-01-01"
75602420372,372,"Evilard",242,"BE","BE",242,372,"Evilard","Evilard","Verwaltungskreis Biel/Bienne","Bern / Berne","2010-01-01"
75602470925,925,"Fahrni",247,"BE","BE",247,925,"Fahrni","Fahrni","Verwaltungskreis Thun","Bern / Berne","2010-01-01"
75602440975,975,"Farnern",244,"BE","BE",244,975,"Farnern","Farnern","Verwaltungskreis Oberaargau","Bern / Berne","2010-01-01"
75602460662,662,"Ferenbalm",246,"BE","BE",246,662,"Ferenbalm","Ferenbalm","Verwaltungskreis Bern-Mittelland","Bern / Berne","2010-01-01"
75602430493,493,"Finsterhennen",243,"BE","BE",243,493,"Finsterhennen","Finsterhennen","Verwaltungskreis Seeland","Bern / Berne","2010-01-01"
75602470948,948,"Forst-Längenbühl",247,"BE","BE",247,948,"Forst-Längenbühl","Forst-Längenbühl","Verwaltungskreis Thun","Bern / Berne","2010-01-01"
75602460538,538,"Fraubrunnen",246,"BE","BE",246,538,"Fraubrunnen","Fraubrunnen","Verwaltungskreis Bern-Mittelland","Bern / Berne","2014-01-01"
75602460663,663,"Frauenkappelen",246,"BE","BE",246,663,"Frauenkappelen","Frauenkappelen","Verwaltungskreis Bern-Mittelland","Bern / Berne","2010-01-01"
75602460607,607,"Freimettigen",246,"BE","BE",246,607,"Freimettigen","Freimettigen","Verwaltungskreis Bern-Mittelland","Bern / Berne","2010-01-01"
75602490563,563,"Frutigen",249,"BE","BE",249,563,"Frutigen","Frutigen","Verwaltungskreis Frutigen-Niedersimmental","Bern / Berne","2010-01-01"
75602500578,578,"Gündlischwand",250,"BE","BE",250,578,"Gündlischwand","Gündlischwand","Verwaltungskreis Interlaken-Oberhasli","Bern / Berne","2010-01-01"
75602430494,494,"Gals",243,"BE","BE",243,494,"Gals","Gals","Verwaltungskreis Seeland","Bern / Berne","2010-01-01"
75602430495,495,"Gampelen",243,"BE","BE",243,495,"Gampelen","Gampelen","Verwaltungskreis Seeland","Bern / Berne","2010-01-01"
75602460865,865,"Gelterfingen",246,"BE","BE",246,865,"Gelterfingen","Gelterfingen","Verwaltungskreis Bern-Mittelland","Bern / Berne","2010-01-01"
75602460866,866,"Gerzensee",246,"BE","BE",246,866,"Gerzensee","Gerzensee","Verwaltungskreis Bern-Mittelland","Bern / Berne","2010-01-01"
75602460664,664,"Golaten",246,"BE","BE",246,664,"Golaten","Golaten","Verwaltungskreis Bern-Mittelland","Bern / Berne","2010-01-01"
75602440326,326,"Gondiswil",244,"BE","BE",244,326,"Gondiswil","Gondiswil","Verwaltungskreis Oberaargau","Bern / Berne","2010-01-01"
75602440976,976,"Graben",244,"BE","BE",244,976,"Graben","Graben","Verwaltungskreis Oberaargau","Bern / Berne","2010-01-01"
75602410694,694,"Grandval",241,"BE","BE",241,694,"Grandval","Grandval","Arrondissement administratif Jura bernois","Bern / Berne","2010-01-01"
75602500576,576,"Grindelwald",250,"BE","BE",250,576,"Grindelwald","Grindelwald","Verwaltungskreis Interlaken-Oberhasli","Bern / Berne","2010-01-01"
75602430303,303,"Grossaffoltern",243,"BE","BE",243,303,"Grossaffoltern","Grossaffoltern","Verwaltungskreis Seeland","Bern / Berne","2010-01-01"
75602460608,608,"Grosshöchstetten",246,"BE","BE",246,608,"Grosshöchstetten","Grosshöchstetten","Verwaltungskreis Bern-Mittelland","Bern / Berne","2010-01-01"
75602480841,841,"Gsteig",248,"BE","BE",248,841,"Gsteig","Gsteig","Verwaltungskreis Obersimmental-Saanen","Bern / Berne","2010-01-01"
75602500577,577,"Gsteigwiler",250,"BE","BE",250,577,"Gsteigwiler","Gsteigwiler","Verwaltungskreis Interlaken-Oberhasli","Bern / Berne","2010-01-01"
75602460852,852,"Guggisberg",246,"BE","BE",246,852,"Guggisberg","Guggisberg","Verwaltungskreis Bern-Mittelland","Bern / Berne","2010-01-01"
75602460665,665,"Gurbrü",246,"BE","BE",246,665,"Gurbrü","Gurbrü","Verwaltungskreis Bern-Mittelland","Bern / Berne","2010-01-01"
75602470867,867,"Gurzelen",247,"BE","BE",247,867,"Gurzelen","Gurzelen","Verwaltungskreis Thun","Bern / Berne","2010-01-01"
75602500782,782,"Guttannen",250,"BE","BE",250,782,"Guttannen","Guttannen","Verwaltungskreis Interlaken-Oberhasli","Bern / Berne","2010-01-01"
75602450410,410,"Höchstetten",245,"BE","BE",245,410,"Höchstetten","Höchstetten","Verwaltungskreis Emmental","Bern / Berne","2010-01-01"
75602460609,609,"Häutligen",246,"BE","BE",246,609,"Häutligen","Häutligen","Verwaltungskreis Bern-Mittelland","Bern / Berne","2010-01-01"
75602500579,579,"Habkern",250,"BE","BE",250,579,"Habkern","Habkern","Verwaltungskreis Interlaken-Oberhasli","Bern / Berne","2010-01-01"
75602430736,736,"Hagneck",243,"BE","BE",243,736,"Hagneck","Hagneck","Verwaltungskreis Seeland","Bern / Berne","2010-01-01"
75602450406,406,"Hasle bei Burgdorf",245,"BE","BE",245,406,"Hasle bei Burgdorf","Hasle bei Burgdorf","Verwaltungskreis Emmental","Bern / Berne","2010-01-01"
75602500783,783,"Hasliberg",250,"BE","BE",250,783,"Hasliberg","Hasliberg","Verwaltungskreis Interlaken-Oberhasli","Bern / Berne","2010-01-01"
75602470927,927,"Heiligenschwendi",247,"BE","BE",247,927,"Heiligenschwendi","Heiligenschwendi","Verwaltungskreis Thun","Bern / Berne","2010-01-01"
75602470928,928,"Heimberg",247,"BE","BE",247,928,"Heimberg","Heimberg","Verwaltungskreis Thun","Bern / Berne","2010-01-01"
75602440977,977,"Heimenhausen",244,"BE","BE",244,977,"Heimenhausen","Heimenhausen","Verwaltungskreis Oberaargau","Bern / Berne","2010-01-01"
75602450407,407,"Heimiswil",245,"BE","BE",245,407,"Heimiswil","Heimiswil","Verwaltungskreis Emmental","Bern / Berne","2010-01-01"
75602450408,408,"Hellsau",245,"BE","BE",245,408,"Hellsau","Hellsau","Verwaltungskreis Emmental","Bern / Berne","2010-01-01"
75602460610,610,"Herbligen",246,"BE","BE",246,610,"Herbligen","Herbligen","Verwaltungskreis Bern-Mittelland","Bern / Berne","2010-01-01"
75602430737,737,"Hermrigen",243,"BE","BE",243,737,"Hermrigen","Hermrigen","Verwaltungskreis Seeland","Bern / Berne","2010-01-01"
75602440979,979,"Herzogenbuchsee",244,"BE","BE",244,979,"Herzogenbuchsee","Herzogenbuchsee","Verwaltungskreis Oberaargau","Bern / Berne","2010-01-01"
75602470929,929,"Hilterfingen",247,"BE","BE",247,929,"Hilterfingen","Hilterfingen","Verwaltungskreis Thun","Bern / Berne","2010-01-01"
75602450409,409,"Hindelbank",245,"BE","BE",245,409,"Hindelbank","Hindelbank","Verwaltungskreis Emmental","Bern / Berne","2010-01-01"
75602500580,580,"Hofstetten bei Brienz",250,"BE","BE",250,580,"Hofstetten bei Brienz","Hofstetten bei Brienz","Verwaltungskreis Interlaken-Oberhasli","Bern / Berne","2010-01-01"
75602470931,931,"Homberg",247,"BE","BE",247,931,"Homberg","Homberg","Verwaltungskreis Thun","Bern / Berne","2010-01-01"
75602470932,932,"Horrenbach-Buchen",247,"BE","BE",247,932,"Horrenbach-Buchen","Horrenbach-Buchen","Verwaltungskreis Thun","Bern / Berne","2010-01-01"
75602440954,954,"Huttwil",244,"BE","BE",244,954,"Huttwil","Huttwil","Verwaltungskreis Oberaargau","Bern / Berne","2010-01-01"
75602460541,541,"Iffwil",246,"BE","BE",246,541,"Iffwil","Iffwil","Verwaltungskreis Bern-Mittelland","Bern / Berne","2010-01-01"
75602440980,980,"Inkwil",244,"BE","BE",244,980,"Inkwil","Inkwil","Verwaltungskreis Oberaargau","Bern / Berne","2010-01-01"
75602500784,784,"Innertkirchen",250,"BE","BE",250,784,"Innertkirchen","Innertkirchen","Verwaltungskreis Interlaken-Oberhasli","Bern / Berne","2014-01-01"
75602430496,496,"Ins",243,"BE","BE",243,496,"Ins","Ins","Verwaltungskreis Seeland","Bern / Berne","2010-01-01"
75602500581,581,"Interlaken",250,"BE","BE",250,581,"Interlaken","Interlaken","Verwaltungskreis Interlaken-Oberhasli","Bern / Berne","2010-01-01"
75602420739,739,"Ipsach",242,"BE","BE",242,739,"Ipsach","Ipsach","Verwaltungskreis Biel/Bienne","Bern / Berne","2010-01-01"
75602500582,582,"Iseltwald",250,"BE","BE",250,582,"Iseltwald","Iseltwald","Verwaltungskreis Interlaken-Oberhasli","Bern / Berne","2010-01-01"
75602460362,362,"Ittigen",246,"BE","BE",246,362,"Ittigen","Ittigen","Verwaltungskreis Bern-Mittelland","Bern / Berne","2010-01-01"
75602460868,868,"Jaberg",246,"BE","BE",246,868,"Jaberg","Jaberg","Verwaltungskreis Bern-Mittelland","Bern / Berne","2010-01-01"
75602460540,540,"Jegenstorf",246,"BE","BE",246,540,"Jegenstorf","Jegenstorf","Verwaltungskreis Bern-Mittelland","Bern / Berne","2014-01-01"
75602430738,738,"Jens",243,"BE","BE",243,738,"Jens","Jens","Verwaltungskreis Seeland","Bern / Berne","2010-01-01"
75602460355,355,"Köniz",246,"BE","BE",246,355,"Köniz","Köniz","Verwaltungskreis Bern-Mittelland","Bern / Berne","2010-01-01"
75602430304,304,"Kallnach",243,"BE","BE",243,304,"Kallnach","Kallnach","Verwaltungskreis Seeland","Bern / Berne","2013-01-01"
75602490564,564,"Kandergrund",249,"BE","BE",249,564,"Kandergrund","Kandergrund","Verwaltungskreis Frutigen-Niedersimmental","Bern / Berne","2010-01-01"
75602490565,565,"Kandersteg",249,"BE","BE",249,565,"Kandersteg","Kandersteg","Verwaltungskreis Frutigen-Niedersimmental","Bern / Berne","2010-01-01"
75602430305,305,"Kappelen",243,"BE","BE",243,305,"Kappelen","Kappelen","Verwaltungskreis Seeland","Bern / Berne","2010-01-01"
75602460869,869,"Kaufdorf",246,"BE","BE",246,869,"Kaufdorf","Kaufdorf","Verwaltungskreis Bern-Mittelland","Bern / Berne","2010-01-01"
75602460870,870,"Kehrsatz",246,"BE","BE",246,870,"Kehrsatz","Kehrsatz","Verwaltungskreis Bern-Mittelland","Bern / Berne","2010-01-01"
75602450411,411,"Kernenried",245,"BE","BE",245,411,"Kernenried","Kernenried","Verwaltungskreis Emmental","Bern / Berne","2010-01-01"
75602460611,611,"Kiesen",246,"BE","BE",246,611,"Kiesen","Kiesen","Verwaltungskreis Bern-Mittelland","Bern / Berne","2010-01-01"
75602450412,412,"Kirchberg (BE)",245,"BE","BE",245,412,"Kirchberg (BE)","Kirchberg (BE)","Verwaltungskreis Emmental","Bern / Berne","2010-01-01"
75602460872,872,"Kirchdorf (BE)",246,"BE","BE",246,872,"Kirchdorf (BE)","Kirchdorf (BE)","Verwaltungskreis Bern-Mittelland","Bern / Berne","2010-01-01"
75602460873,873,"Kirchenthurnen",246,"BE","BE",246,873,"Kirchenthurnen","Kirchenthurnen","Verwaltungskreis Bern-Mittelland","Bern / Berne","2010-01-01"
75602460354,354,"Kirchlindach",246,"BE","BE",246,354,"Kirchlindach","Kirchlindach","Verwaltungskreis Bern-Mittelland","Bern / Berne","2010-01-01"
75602460612,612,"Konolfingen",246,"BE","BE",246,612,"Konolfingen","Konolfingen","Verwaltungskreis Bern-Mittelland","Bern / Berne","2010-01-01"
75602450413,413,"Koppigen",245,"BE","BE",245,413,"Koppigen","Koppigen","Verwaltungskreis Emmental","Bern / Berne","2010-01-01"
75602490566,566,"Krattigen",249,"BE","BE",249,566,"Krattigen","Krattigen","Verwaltungskreis Frutigen-Niedersimmental","Bern / Berne","2010-01-01"
75602450414,414,"Krauchthal",245,"BE","BE",245,414,"Krauchthal","Krauchthal","Verwaltungskreis Emmental","Bern / Berne","2010-01-01"
75602460666,666,"Kriechenwil",246,"BE","BE",246,666,"Kriechenwil","Kriechenwil","Verwaltungskreis Bern-Mittelland","Bern / Berne","2010-01-01"
75602430497,497,"Lüscherz",243,"BE","BE",243,497,"Lüscherz","Lüscherz","Verwaltungskreis Seeland","Bern / Berne","2010-01-01"
75602500586,586,"Lütschental",250,"BE","BE",250,586,"Lütschental","Lütschental","Verwaltungskreis Interlaken-Oberhasli","Bern / Berne","2010-01-01"
75602450955,955,"Lützelflüh",245,"BE","BE",245,955,"Lützelflüh","Lützelflüh","Verwaltungskreis Emmental","Bern / Berne","2010-01-01"
75602410435,435,"La Ferrière",241,"BE","BE",241,435,"La Ferrière","La Ferrière","Arrondissement administratif Jura bernois","Bern / Berne","2010-01-01"
75602410723,723,"La Neuveville",241,"BE","BE",241,723,"La Neuveville","La Neuveville","Arrondissement administratif Jura bernois","Bern / Berne","2010-01-01"
75602460613,613,"Landiswil",246,"BE","BE",246,613,"Landiswil","Landiswil","Verwaltungskreis Bern-Mittelland","Bern / Berne","2010-01-01"
75602440329,329,"Langenthal",244,"BE","BE",244,329,"Langenthal","Langenthal","Verwaltungskreis Oberaargau","Bern / Berne","2010-01-01"
75602450902,902,"Langnau im Emmental",245,"BE","BE",245,902,"Langnau im Emmental","Langnau im Emmental","Verwaltungskreis Emmental","Bern / Berne","2010-01-01"
75602480842,842,"Lauenen",248,"BE","BE",248,842,"Lauenen","Lauenen","Verwaltungskreis Obersimmental-Saanen","Bern / Berne","2010-01-01"
75602460667,667,"Laupen",246,"BE","BE",246,667,"Laupen","Laupen","Verwaltungskreis Bern-Mittelland","Bern / Berne","2010-01-01"
75602450903,903,"Lauperswil",245,"BE","BE",245,903,"Lauperswil","Lauperswil","Verwaltungskreis Emmental","Bern / Berne","2010-01-01"
75602500584,584,"Lauterbrunnen",250,"BE","BE",250,584,"Lauterbrunnen","Lauterbrunnen","Verwaltungskreis Interlaken-Oberhasli","Bern / Berne","2010-01-01"
75602500585,585,"Leissigen",250,"BE","BE",250,585,"Leissigen","Leissigen","Verwaltungskreis Interlaken-Oberhasli","Bern / Berne","2010-01-01"
75602420387,387,"Lengnau (BE)",242,"BE","BE",242,387,"Lengnau (BE)","Lengnau (BE)","Verwaltungskreis Biel/Bienne","Bern / Berne","2010-01-01"
75602480792,792,"Lenk",248,"BE","BE",248,792,"Lenk","Lenk","Verwaltungskreis Obersimmental-Saanen","Bern / Berne","2010-01-01"
75602430388,388,"Leuzigen",243,"BE","BE",243,388,"Leuzigen","Leuzigen","Verwaltungskreis Seeland","Bern / Berne","2010-01-01"
75602420740,740,"Ligerz",242,"BE","BE",242,740,"Ligerz","Ligerz","Verwaltungskreis Biel/Bienne","Bern / Berne","2010-01-01"
75602460614,614,"Linden",246,"BE","BE",246,614,"Linden","Linden","Verwaltungskreis Bern-Mittelland","Bern / Berne","2010-01-01"
75602460874,874,"Lohnstorf",246,"BE","BE",246,874,"Lohnstorf","Lohnstorf","Verwaltungskreis Bern-Mittelland","Bern / Berne","2010-01-01"
75602440331,331,"Lotzwil",244,"BE","BE",244,331,"Lotzwil","Lotzwil","Verwaltungskreis Oberaargau","Bern / Berne","2010-01-01"
75602410696,696,"Loveresse",241,"BE","BE",241,696,"Loveresse","Loveresse","Arrondissement administratif Jura bernois","Bern / Berne","2010-01-01"
75602430306,306,"Lyss",243,"BE","BE",243,306,"Lyss","Lyss","Verwaltungskreis Seeland","Bern / Berne","2011-01-01"
75602450415,415,"Lyssach",245,"BE","BE",245,415,"Lyssach","Lyssach","Verwaltungskreis Emmental","Bern / Berne","2010-01-01"
75602460668,668,"Mühleberg",246,"BE","BE",246,668,"Mühleberg","Mühleberg","Verwaltungskreis Bern-Mittelland","Bern / Berne","2010-01-01"
75602460875,875,"Mühledorf (BE)",246,"BE","BE",246,875,"Mühledorf (BE)","Mühledorf (BE)","Verwaltungskreis Bern-Mittelland","Bern / Berne","2010-01-01"
75602460876,876,"Mühlethurnen",246,"BE","BE",246,876,"Mühlethurnen","Mühlethurnen","Verwaltungskreis Bern-Mittelland","Bern / Berne","2010-01-01"
75602460546,546,"Münchenbuchsee",246,"BE","BE",246,546,"Münchenbuchsee","Münchenbuchsee","Verwaltungskreis Bern-Mittelland","Bern / Berne","2010-01-01"
75602460669,669,"Münchenwiler",246,"BE","BE",246,669,"Münchenwiler","Münchenwiler","Verwaltungskreis Bern-Mittelland","Bern / Berne","2010-01-01"
75602460616,616,"Münsingen",246,"BE","BE",246,616,"Münsingen","Münsingen","Verwaltungskreis Bern-Mittelland","Bern / Berne","2013-01-01"
75602430498,498,"Müntschemier",243,"BE","BE",243,498,"Müntschemier","Müntschemier","Verwaltungskreis Seeland","Bern / Berne","2010-01-01"
75602420742,742,"Mörigen",242,"BE","BE",242,742,"Mörigen","Mörigen","Verwaltungskreis Biel/Bienne","Bern / Berne","2010-01-01"
75602450416,416,"Mötschwil",245,"BE","BE",245,416,"Mötschwil","Mötschwil","Verwaltungskreis Emmental","Bern / Berne","2010-01-01"
75602440332,332,"Madiswil",244,"BE","BE",244,332,"Madiswil","Madiswil","Verwaltungskreis Oberaargau","Bern / Berne","2011-01-01"
75602500587,587,"Matten bei Interlaken",250,"BE","BE",250,587,"Matten bei Interlaken","Matten bei Interlaken","Verwaltungskreis Interlaken-Oberhasli","Bern / Berne","2010-01-01"
75602460543,543,"Mattstetten",246,"BE","BE",246,543,"Mattstetten","Mattstetten","Verwaltungskreis Bern-Mittelland","Bern / Berne","2010-01-01"
75602430389,389,"Meienried",243,"BE","BE",243,389,"Meienried","Meienried","Verwaltungskreis Seeland","Bern / Berne","2010-01-01"
75602460307,307,"Meikirch",246,"BE","BE",246,307,"Meikirch","Meikirch","Verwaltungskreis Bern-Mittelland","Bern / Berne","2010-01-01"
75602420390,390,"Meinisberg",242,"BE","BE",242,390,"Meinisberg","Meinisberg","Verwaltungskreis Biel/Bienne","Bern / Berne","2010-01-01"
75602500785,785,"Meiringen",250,"BE","BE",250,785,"Meiringen","Meiringen","Verwaltungskreis Interlaken-Oberhasli","Bern / Berne","2010-01-01"
75602440333,333,"Melchnau",244,"BE","BE",244,333,"Melchnau","Melchnau","Verwaltungskreis Oberaargau","Bern / Berne","2010-01-01"
75602430741,741,"Merzligen",243,"BE","BE",243,741,"Merzligen","Merzligen","Verwaltungskreis Seeland","Bern / Berne","2010-01-01"
75602460615,615,"Mirchel",246,"BE","BE",246,615,"Mirchel","Mirchel","Verwaltungskreis Bern-Mittelland","Bern / Berne","2010-01-01"
75602410437,437,"Mont-Tramelan",241,"BE","BE",241,437,"Mont-Tramelan","Mont-Tramelan","Arrondissement administratif Jura bernois","Bern / Berne","2010-01-01"
75602460544,544,"Moosseedorf",246,"BE","BE",246,544,"Moosseedorf","Moosseedorf","Verwaltungskreis Bern-Mittelland","Bern / Berne","2010-01-01"
75602410700,700,"Moutier",241,"BE","BE",241,700,"Moutier","Moutier","Arrondissement administratif Jura bernois","Bern / Berne","2010-01-01"
75602460356,356,"Muri bei Bern",246,"BE","BE",246,356,"Muri bei Bern","Muri bei Bern","Verwaltungskreis Bern-Mittelland","Bern / Berne","2010-01-01"
75602460670,670,"Neuenegg",246,"BE","BE",246,670,"Neuenegg","Neuenegg","Verwaltungskreis Bern-Mittelland","Bern / Berne","2010-01-01"
75602420743,743,"Nidau",242,"BE","BE",242,743,"Nidau","Nidau","Verwaltungskreis Biel/Bienne","Bern / Berne","2010-01-01"
75602440982,982,"Niederönz",244,"BE","BE",244,982,"Niederönz","Niederönz","Verwaltungskreis Oberaargau","Bern / Berne","2010-01-01"
75602440981,981,"Niederbipp",244,"BE","BE",244,981,"Niederbipp","Niederbipp","Verwaltungskreis Oberaargau","Bern / Berne","2010-01-01"
75602460617,617,"Niederhünigen",246,"BE","BE",246,617,"Niederhünigen","Niederhünigen","Verwaltungskreis Bern-Mittelland","Bern / Berne","2010-01-01"
75602460877,877,"Niedermuhlern",246,"BE","BE",246,877,"Niedermuhlern","Niedermuhlern","Verwaltungskreis Bern-Mittelland","Bern / Berne","2010-01-01"
75602500588,588,"Niederried bei Interlaken",250,"BE","BE",250,588,"Niederried bei Interlaken","Niederried b. Interlaken","Verwaltungskreis Interlaken-Oberhasli","Bern / Berne","2010-01-01"
75602410724,724,"Nods",241,"BE","BE",241,724,"Nods","Nods","Arrondissement administratif Jura bernois","Bern / Berne","2010-01-01"
75602460878,878,"Noflen",246,"BE","BE",246,878,"Noflen","Noflen","Verwaltungskreis Bern-Mittelland","Bern / Berne","2010-01-01"
75602460357,357,"Oberbalm",246,"BE","BE",246,357,"Oberbalm","Oberbalm","Verwaltungskreis Bern-Mittelland","Bern / Berne","2010-01-01"
75602440983,983,"Oberbipp",244,"BE","BE",244,983,"Oberbipp","Oberbipp","Verwaltungskreis Oberaargau","Bern / Berne","2010-01-01"
75602450418,418,"Oberburg",245,"BE","BE",245,418,"Oberburg","Oberburg","Verwaltungskreis Emmental","Bern / Berne","2010-01-01"
75602460619,619,"Oberdiessbach",246,"BE","BE",246,619,"Oberdiessbach","Oberdiessbach","Verwaltungskreis Bern-Mittelland","Bern / Berne","2014-01-01"
75602460629,629,"Oberhünigen",246,"BE","BE",246,629,"Oberhünigen","Oberhünigen","Verwaltungskreis Bern-Mittelland","Bern / Berne","2010-01-01"
75602470934,934,"Oberhofen am Thunersee",247,"BE","BE",247,934,"Oberhofen am Thunersee","Oberhofen am Thunersee","Verwaltungskreis Thun","Bern / Berne","2010-01-01"
75602470935,935,"Oberlangenegg",247,"BE","BE",247,935,"Oberlangenegg","Oberlangenegg","Verwaltungskreis Thun","Bern / Berne","2010-01-01"
75602500589,589,"Oberried am Brienzersee",250,"BE","BE",250,589,"Oberried am Brienzersee","Oberried am Brienzersee","Verwaltungskreis Interlaken-Oberhasli","Bern / Berne","2010-01-01"
75602440334,334,"Obersteckholz",244,"BE","BE",244,334,"Obersteckholz","Obersteckholz","Verwaltungskreis Oberaargau","Bern / Berne","2010-01-01"
75602460620,620,"Oberthal",246,"BE","BE",246,620,"Oberthal","Oberthal","Verwaltungskreis Bern-Mittelland","Bern / Berne","2010-01-01"
75602430391,391,"Oberwil bei Büren",243,"BE","BE",243,391,"Oberwil bei Büren","Oberwil bei Büren","Verwaltungskreis Seeland","Bern / Berne","2010-01-01"
75602490766,766,"Oberwil im Simmental",249,"BE","BE",249,766,"Oberwil im Simmental","Oberwil im Simmental","Verwaltungskreis Frutigen-Niedersimmental","Bern / Berne","2010-01-01"
75602440985,985,"Ochlenberg",244,"BE","BE",244,985,"Ochlenberg","Ochlenberg","Verwaltungskreis Oberaargau","Bern / Berne","2010-01-01"
75602440335,335,"Oeschenbach",244,"BE","BE",244,335,"Oeschenbach","Oeschenbach","Verwaltungskreis Oberaargau","Bern / Berne","2010-01-01"
75602460622,622,"Oppligen",246,"BE","BE",246,622,"Oppligen","Oppligen","Verwaltungskreis Bern-Mittelland","Bern / Berne","2010-01-01"
75602420744,744,"Orpund",242,"BE","BE",242,744,"Orpund","Orpund","Verwaltungskreis Biel/Bienne","Bern / Berne","2010-01-01"
75602410438,438,"Orvin",241,"BE","BE",241,438,"Orvin","Orvin","Arrondissement administratif Jura bernois","Bern / Berne","2010-01-01"
75602460363,363,"Ostermundigen",246,"BE","BE",246,363,"Ostermundigen","Ostermundigen","Verwaltungskreis Bern-Mittelland","Bern / Berne","2010-01-01"
75602410450,450,"Péry-La Heutte",241,"BE","BE",241,450,"Péry-La Heutte","Péry-La Heutte","Arrondissement administratif Jura bernois","Bern / Berne","2015-01-01"
75602410701,701,"Perrefitte",241,"BE","BE",241,701,"Perrefitte","Perrefitte","Arrondissement administratif Jura bernois","Bern / Berne","2010-01-01"
75602410716,716,"Petit-Val",241,"BE","BE",241,716,"Petit-Val","Petit-Val","Arrondissement administratif Jura bernois","Bern / Berne","2015-01-01"
75602420392,392,"Pieterlen",242,"BE","BE",242,392,"Pieterlen","Pieterlen","Verwaltungskreis Biel/Bienne","Bern / Berne","2010-01-01"
75602410726,726,"Plateau de Diesse",241,"BE","BE",241,726,"Plateau de Diesse","Plateau de Diesse","Arrondissement administratif Jura bernois","Bern / Berne","2014-01-01"
75602470936,936,"Pohlern",247,"BE","BE",247,936,"Pohlern","Pohlern","Verwaltungskreis Thun","Bern / Berne","2010-01-01"
75602420745,745,"Port",242,"BE","BE",242,745,"Port","Port","Verwaltungskreis Biel/Bienne","Bern / Berne","2010-01-01"
75602450905,905,"Rüderswil",245,"BE","BE",245,905,"Rüderswil","Rüderswil","Verwaltungskreis Emmental","Bern / Berne","2010-01-01"
75602450420,420,"Rüdtligen-Alchenflüh",245,"BE","BE",245,420,"Rüdtligen-Alchenflüh","Rüdtligen-Alchenflüh","Verwaltungskreis Emmental","Bern / Berne","2010-01-01"
75602460880,880,"Rüeggisberg",246,"BE","BE",246,880,"Rüeggisberg","Rüeggisberg","Verwaltungskreis Bern-Mittelland","Bern / Berne","2010-01-01"
75602450956,956,"Rüegsau",245,"BE","BE",245,956,"Rüegsau","Rüegsau","Verwaltungskreis Emmental","Bern / Berne","2010-01-01"
75602460881,881,"Rümligen",246,"BE","BE",246,881,"Rümligen","Rümligen","Verwaltungskreis Bern-Mittelland","Bern / Berne","2010-01-01"
75602460853,853,"Rüschegg",246,"BE","BE",246,853,"Rüschegg","Rüschegg","Verwaltungskreis Bern-Mittelland","Bern / Berne","2010-01-01"
75602450904,904,"Röthenbach im Emmental",245,"BE","BE",245,904,"Röthenbach im Emmental","Röthenbach im Emmental","Verwaltungskreis Emmental","Bern / Berne","2010-01-01"
75602430393,393,"Rüti bei Büren",243,"BE","BE",243,393,"Rüti bei Büren","Rüti bei Büren","Verwaltungskreis Seeland","Bern / Berne","2010-01-01"
75602450422,422,"Rüti bei Lyssach",245,"BE","BE",245,422,"Rüti bei Lyssach","Rüti bei Lyssach","Verwaltungskreis Emmental","Bern / Berne","2010-01-01"
75602440340,340,"Rütschelen",244,"BE","BE",244,340,"Rütschelen","Rütschelen","Verwaltungskreis Oberaargau","Bern / Berne","2010-01-01"
75602430309,309,"Radelfingen",243,"BE","BE",243,309,"Radelfingen","Radelfingen","Verwaltungskreis Seeland","Bern / Berne","2010-01-01"
75602430310,310,"Rapperswil (BE)",243,"BE","BE",243,310,"Rapperswil (BE)","Rapperswil (BE)","Verwaltungskreis Seeland","Bern / Berne","2016-01-01"
75602410715,715,"Rebévelier",241,"BE","BE",241,715,"Rebévelier","Rebévelier","Arrondissement administratif Jura bernois","Bern / Berne","2010-01-01"
75602410703,703,"Reconvilier",241,"BE","BE",241,703,"Reconvilier","Reconvilier","Arrondissement administratif Jura bernois","Bern / Berne","2010-01-01"
75602490567,567,"Reichenbach im Kandertal",249,"BE","BE",249,567,"Reichenbach im Kandertal","Reichenbach im Kandertal","Verwaltungskreis Frutigen-Niedersimmental","Bern / Berne","2010-01-01"
75602440336,336,"Reisiswil",244,"BE","BE",244,336,"Reisiswil","Reisiswil","Verwaltungskreis Oberaargau","Bern / Berne","2010-01-01"
75602410441,441,"Renan (BE)",241,"BE","BE",241,441,"Renan (BE)","Renan (BE)","Arrondissement administratif Jura bernois","Bern / Berne","2010-01-01"
75602470767,767,"Reutigen",247,"BE","BE",247,767,"Reutigen","Reutigen","Verwaltungskreis Thun","Bern / Berne","2010-01-01"
75602460879,879,"Riggisberg",246,"BE","BE",246,879,"Riggisberg","Riggisberg","Verwaltungskreis Bern-Mittelland","Bern / Berne","2010-01-01"
75602500590,590,"Ringgenberg (BE)",250,"BE","BE",250,590,"Ringgenberg (BE)","Ringgenberg (BE)","Verwaltungskreis Interlaken-Oberhasli","Bern / Berne","2010-01-01"
75602410704,704,"Roches (BE)",241,"BE","BE",241,704,"Roches (BE)","Roches (BE)","Arrondissement administratif Jura bernois","Bern / Berne","2010-01-01"
75602440337,337,"Roggwil (BE)",244,"BE","BE",244,337,"Roggwil (BE)","Roggwil (BE)","Verwaltungskreis Oberaargau","Bern / Berne","2010-01-01"
75602440338,338,"Rohrbach",244,"BE","BE",244,338,"Rohrbach","Rohrbach","Verwaltungskreis Oberaargau","Bern / Berne","2010-01-01"
75602440339,339,"Rohrbachgraben",244,"BE","BE",244,339,"Rohrbachgraben","Rohrbachgraben","Verwaltungskreis Oberaargau","Bern / Berne","2010-01-01"
75602410442,442,"Romont (BE)",241,"BE","BE",241,442,"Romont (BE)","Romont (BE)","Arrondissement administratif Jura bernois","Bern / Berne","2010-01-01"
75602460623,623,"Rubigen",246,"BE","BE",246,623,"Rubigen","Rubigen","Verwaltungskreis Bern-Mittelland","Bern / Berne","2010-01-01"
75602450421,421,"Rumendingen",245,"BE","BE",245,421,"Rumendingen","Rumendingen","Verwaltungskreis Emmental","Bern / Berne","2010-01-01"
75602440987,987,"Rumisberg",244,"BE","BE",244,987,"Rumisberg","Rumisberg","Verwaltungskreis Oberaargau","Bern / Berne","2010-01-01"
75602480843,843,"Saanen",248,"BE","BE",248,843,"Saanen","Saanen","Verwaltungskreis Obersimmental-Saanen","Bern / Berne","2010-01-01"
75602420746,746,"Safnern",242,"BE","BE",242,746,"Safnern","Safnern","Verwaltungskreis Biel/Bienne","Bern / Berne","2010-01-01"
75602410706,706,"Saicourt",241,"BE","BE",241,706,"Saicourt","Saicourt","Arrondissement administratif Jura bernois","Bern / Berne","2010-01-01"
75602410443,443,"Saint-Imier",241,"BE","BE",241,443,"Saint-Imier","Saint-Imier","Arrondissement administratif Jura bernois","Bern / Berne","2010-01-01"
75602410449,449,"Sauge",241,"BE","BE",241,449,"Sauge","Sauge","Arrondissement administratif Jura bernois","Bern / Berne","2014-01-01"
75602410707,707,"Saules (BE)",241,"BE","BE",241,707,"Saules (BE)","Saules (BE)","Arrondissement administratif Jura bernois","Bern / Berne","2010-01-01"
75602500591,591,"Saxeten",250,"BE","BE",250,591,"Saxeten","Saxeten","Verwaltungskreis Interlaken-Oberhasli","Bern / Berne","2010-01-01"
75602430311,311,"Schüpfen",243,"BE","BE",243,311,"Schüpfen","Schüpfen","Verwaltungskreis Seeland","Bern / Berne","2010-01-01"
75602450906,906,"Schangnau",245,"BE","BE",245,906,"Schangnau","Schangnau","Verwaltungskreis Emmental","Bern / Berne","2010-01-01"
75602500786,786,"Schattenhalb",250,"BE","BE",250,786,"Schattenhalb","Schattenhalb","Verwaltungskreis Interlaken-Oberhasli","Bern / Berne","2010-01-01"
75602410708,708,"Schelten",241,"BE","BE",241,708,"Schelten","Schelten","Arrondissement administratif Jura bernois","Bern / Berne","2010-01-01"
75602420747,747,"Scheuren",242,"BE","BE",242,747,"Scheuren","Scheuren","Verwaltungskreis Biel/Bienne","Bern / Berne","2010-01-01"
75602460624,624,"Schlosswil",246,"BE","BE",246,624,"Schlosswil","Schlosswil","Verwaltungskreis Bern-Mittelland","Bern / Berne","2010-01-01"
75602420748,748,"Schwadernau",242,"BE","BE",242,748,"Schwadernau","Schwadernau","Verwaltungskreis Biel/Bienne","Bern / Berne","2010-01-01"
75602500592,592,"Schwanden bei Brienz",250,"BE","BE",250,592,"Schwanden bei Brienz","Schwanden bei Brienz","Verwaltungskreis Interlaken-Oberhasli","Bern / Berne","2010-01-01"
75602460855,855,"Schwarzenburg",246,"BE","BE",246,855,"Schwarzenburg","Schwarzenburg","Verwaltungskreis Bern-Mittelland","Bern / Berne","2011-01-01"
75602440341,341,"Schwarzhäusern",244,"BE","BE",244,341,"Schwarzhäusern","Schwarzhäusern","Verwaltungskreis Oberaargau","Bern / Berne","2010-01-01"
75602470937,937,"Schwendibach",247,"BE","BE",247,937,"Schwendibach","Schwendibach","Verwaltungskreis Thun","Bern / Berne","2010-01-01"
75602440988,988,"Seeberg",244,"BE","BE",244,988,"Seeberg","Seeberg","Verwaltungskreis Oberaargau","Bern / Berne","2016-01-01"
75602430312,312,"Seedorf (BE)",243,"BE","BE",243,312,"Seedorf (BE)","Seedorf (BE)","Verwaltungskreis Seeland","Bern / Berne","2010-01-01"
75602410709,709,"Seehof",241,"BE","BE",241,709,"Seehof","Seehof","Arrondissement administratif Jura bernois","Bern / Berne","2010-01-01"
75602470883,883,"Seftigen",247,"BE","BE",247,883,"Seftigen","Seftigen","Verwaltungskreis Thun","Bern / Berne","2010-01-01"
75602450907,907,"Signau",245,"BE","BE",245,907,"Signau","Signau","Verwaltungskreis Emmental","Bern / Berne","2010-01-01"
75602470938,938,"Sigriswil",247,"BE","BE",247,938,"Sigriswil","Sigriswil","Verwaltungskreis Thun","Bern / Berne","2010-01-01"
75602430499,499,"Siselen",243,"BE","BE",243,499,"Siselen","Siselen","Verwaltungskreis Seeland","Bern / Berne","2010-01-01"
75602410444,444,"Sonceboz-Sombeval",241,"BE","BE",241,444,"Sonceboz-Sombeval","Sonceboz-Sombeval","Arrondissement administratif Jura bernois","Bern / Berne","2010-01-01"
75602410445,445,"Sonvilier",241,"BE","BE",241,445,"Sonvilier","Sonvilier","Arrondissement administratif Jura bernois","Bern / Berne","2010-01-01"
75602410711,711,"Sorvilier",241,"BE","BE",241,711,"Sorvilier","Sorvilier","Arrondissement administratif Jura bernois","Bern / Berne","2010-01-01"
75602490768,768,"Spiez",249,"BE","BE",249,768,"Spiez","Spiez","Verwaltungskreis Frutigen-Niedersimmental","Bern / Berne","2010-01-01"
75602480793,793,"St. Stephan",248,"BE","BE",248,793,"St. Stephan","St. Stephan","Verwaltungskreis Obersimmental-Saanen","Bern / Berne","2010-01-01"
75602470939,939,"Steffisburg",247,"BE","BE",247,939,"Steffisburg","Steffisburg","Verwaltungskreis Thun","Bern / Berne","2010-01-01"
75602460358,358,"Stettlen",246,"BE","BE",246,358,"Stettlen","Stettlen","Verwaltungskreis Bern-Mittelland","Bern / Berne","2010-01-01"
75602470770,770,"Stocken-Höfen",247,"BE","BE",247,770,"Stocken-Höfen","Stocken-Höfen","Verwaltungskreis Thun","Bern / Berne","2014-01-01"
75602430749,749,"Studen (BE)",243,"BE","BE",243,749,"Studen (BE)","Studen (BE)","Verwaltungskreis Seeland","Bern / Berne","2010-01-01"
75602450957,957,"Sumiswald",245,"BE","BE",245,957,"Sumiswald","Sumiswald","Verwaltungskreis Emmental","Bern / Berne","2010-01-01"
75602420750,750,"Sutz-Lattrigen",242,"BE","BE",242,750,"Sutz-Lattrigen","Sutz-Lattrigen","Verwaltungskreis Biel/Bienne","Bern / Berne","2010-01-01"
75602460625,625,"Tägertschi",246,"BE","BE",246,625,"Tägertschi","Tägertschi","Verwaltungskreis Bern-Mittelland","Bern / Berne","2010-01-01"
75602430751,751,"Täuffelen",243,"BE","BE",243,751,"Täuffelen","Täuffelen","Verwaltungskreis Seeland","Bern / Berne","2010-01-01"
75602410713,713,"Tavannes",241,"BE","BE",241,713,"Tavannes","Tavannes","Arrondissement administratif Jura bernois","Bern / Berne","2010-01-01"
75602470940,940,"Teuffenthal (BE)",247,"BE","BE",247,940,"Teuffenthal (BE)","Teuffenthal (BE)","Verwaltungskreis Thun","Bern / Berne","2010-01-01"
75602440989,989,"Thörigen",244,"BE","BE",244,989,"Thörigen","Thörigen","Verwaltungskreis Oberaargau","Bern / Berne","2010-01-01"
75602470941,941,"Thierachern",247,"BE","BE",247,941,"Thierachern","Thierachern","Verwaltungskreis Thun","Bern / Berne","2010-01-01"
75602470942,942,"Thun",247,"BE","BE",247,942,"Thun","Thun","Verwaltungskreis Thun","Bern / Berne","2010-01-01"
75602440342,342,"Thunstetten",244,"BE","BE",244,342,"Thunstetten","Thunstetten","Verwaltungskreis Oberaargau","Bern / Berne","2010-01-01"
75602460884,884,"Toffen",246,"BE","BE",246,884,"Toffen","Toffen","Verwaltungskreis Bern-Mittelland","Bern / Berne","2010-01-01"
75602450958,958,"Trachselwald",245,"BE","BE",245,958,"Trachselwald","Trachselwald","Verwaltungskreis Emmental","Bern / Berne","2010-01-01"
75602410446,446,"Tramelan",241,"BE","BE",241,446,"Tramelan","Tramelan","Arrondissement administratif Jura bernois","Bern / Berne","2010-01-01"
75602430500,500,"Treiten",243,"BE","BE",243,500,"Treiten","Treiten","Verwaltungskreis Seeland","Bern / Berne","2010-01-01"
75602450908,908,"Trub",245,"BE","BE",245,908,"Trub","Trub","Verwaltungskreis Emmental","Bern / Berne","2010-01-01"
75602450909,909,"Trubschachen",245,"BE","BE",245,909,"Trubschachen","Trubschachen","Verwaltungskreis Emmental","Bern / Berne","2010-01-01"
75602430501,501,"Tschugg",243,"BE","BE",243,501,"Tschugg","Tschugg","Verwaltungskreis Seeland","Bern / Berne","2010-01-01"
75602420756,756,"Twann-Tüscherz",242,"BE","BE",242,756,"Twann-Tüscherz","Twann-Tüscherz","Verwaltungskreis Biel/Bienne","Bern / Berne","2010-01-01"
75602470943,943,"Uebeschi",247,"BE","BE",247,943,"Uebeschi","Uebeschi","Verwaltungskreis Thun","Bern / Berne","2010-01-01"
75602470944,944,"Uetendorf",247,"BE","BE",247,944,"Uetendorf","Uetendorf","Verwaltungskreis Thun","Bern / Berne","2010-01-01"
75602470945,945,"Unterlangenegg",247,"BE","BE",247,945,"Unterlangenegg","Unterlangenegg","Verwaltungskreis Thun","Bern / Berne","2010-01-01"
75602500593,593,"Unterseen",250,"BE","BE",250,593,"Unterseen","Unterseen","Verwaltungskreis Interlaken-Oberhasli","Bern / Berne","2010-01-01"
75602440344,344,"Ursenbach",244,"BE","BE",244,344,"Ursenbach","Ursenbach","Verwaltungskreis Oberaargau","Bern / Berne","2010-01-01"
75602460551,551,"Urtenen-Schönbühl",246,"BE","BE",246,551,"Urtenen-Schönbühl","Urtenen-Schönbühl","Verwaltungskreis Bern-Mittelland","Bern / Berne","2010-01-01"
75602470885,885,"Uttigen",247,"BE","BE",247,885,"Uttigen","Uttigen","Verwaltungskreis Thun","Bern / Berne","2014-01-01"
75602450552,552,"Utzenstorf",245,"BE","BE",245,552,"Utzenstorf","Utzenstorf","Verwaltungskreis Emmental","Bern / Berne","2010-01-01"
75602410717,717,"Valbirse",241,"BE","BE",241,717,"Valbirse","Valbirse","Arrondissement administratif Jura bernois","Bern / Berne","2015-01-01"
75602460359,359,"Vechigen",246,"BE","BE",246,359,"Vechigen","Vechigen","Verwaltungskreis Bern-Mittelland","Bern / Berne","2010-01-01"
75602410448,448,"Villeret",241,"BE","BE",241,448,"Villeret","Villeret","Arrondissement administratif Jura bernois","Bern / Berne","2010-01-01"
75602430502,502,"Vinelz",243,"BE","BE",243,502,"Vinelz","Vinelz","Verwaltungskreis Seeland","Bern / Berne","2010-01-01"
75602470946,946,"Wachseldorn",247,"BE","BE",247,946,"Wachseldorn","Wachseldorn","Verwaltungskreis Thun","Bern / Berne","2010-01-01"
75602460888,888,"Wald (BE)",246,"BE","BE",246,888,"Wald (BE)","Wald (BE)","Verwaltungskreis Bern-Mittelland","Bern / Berne","2010-01-01"
75602460626,626,"Walkringen",246,"BE","BE",246,626,"Walkringen","Walkringen","Verwaltungskreis Bern-Mittelland","Bern / Berne","2010-01-01"
75602440990,990,"Walliswil bei Niederbipp",244,"BE","BE",244,990,"Walliswil bei Niederbipp","Walliswil bei Niederbipp","Verwaltungskreis Oberaargau","Bern / Berne","2010-01-01"
75602440991,991,"Walliswil bei Wangen",244,"BE","BE",244,991,"Walliswil bei Wangen","Walliswil bei Wangen","Verwaltungskreis Oberaargau","Bern / Berne","2010-01-01"
75602430754,754,"Walperswil",243,"BE","BE",243,754,"Walperswil","Walperswil","Verwaltungskreis Seeland","Bern / Berne","2010-01-01"
75602440959,959,"Walterswil (BE)",244,"BE","BE",244,959,"Walterswil (BE)","Walterswil (BE)","Verwaltungskreis Oberaargau","Bern / Berne","2010-01-01"
75602440992,992,"Wangen an der Aare",244,"BE","BE",244,992,"Wangen an der Aare","Wangen an der Aare","Verwaltungskreis Oberaargau","Bern / Berne","2010-01-01"
75602440993,993,"Wangenried",244,"BE","BE",244,993,"Wangenried","Wangenried","Verwaltungskreis Oberaargau","Bern / Berne","2010-01-01"
75602470886,886,"Wattenwil",247,"BE","BE",247,886,"Wattenwil","Wattenwil","Verwaltungskreis Thun","Bern / Berne","2010-01-01"
75602430394,394,"Wengi",243,"BE","BE",243,394,"Wengi","Wengi","Verwaltungskreis Seeland","Bern / Berne","2010-01-01"
75602460632,632,"Wichtrach",246,"BE","BE",246,632,"Wichtrach","Wichtrach","Verwaltungskreis Bern-Mittelland","Bern / Berne","2010-01-01"
75602440995,995,"Wiedlisbach",244,"BE","BE",244,995,"Wiedlisbach","Wiedlisbach","Verwaltungskreis Oberaargau","Bern / Berne","2010-01-01"
75602460553,553,"Wiggiswil",246,"BE","BE",246,553,"Wiggiswil","Wiggiswil","Verwaltungskreis Bern-Mittelland","Bern / Berne","2010-01-01"
75602500594,594,"Wilderswil",250,"BE","BE",250,594,"Wilderswil","Wilderswil","Verwaltungskreis Interlaken-Oberhasli","Bern / Berne","2010-01-01"
75602450554,554,"Wiler bei Utzenstorf",245,"BE","BE",245,554,"Wiler bei Utzenstorf","Wiler bei Utzenstorf","Verwaltungskreis Emmental","Bern / Berne","2010-01-01"
75602460671,671,"Wileroltigen",246,"BE","BE",246,671,"Wileroltigen","Wileroltigen","Verwaltungskreis Bern-Mittelland","Bern / Berne","2010-01-01"
75602450423,423,"Willadingen",245,"BE","BE",245,423,"Willadingen","Willadingen","Verwaltungskreis Emmental","Bern / Berne","2010-01-01"
75602490769,769,"Wimmis",249,"BE","BE",249,769,"Wimmis","Wimmis","Verwaltungskreis Frutigen-Niedersimmental","Bern / Berne","2010-01-01"
75602460360,360,"Wohlen bei Bern",246,"BE","BE",246,360,"Wohlen bei Bern","Wohlen bei Bern","Verwaltungskreis Bern-Mittelland","Bern / Berne","2010-01-01"
75602440996,996,"Wolfisberg",244,"BE","BE",244,996,"Wolfisberg","Wolfisberg","Verwaltungskreis Oberaargau","Bern / Berne","2010-01-01"
75602460627,627,"Worb",246,"BE","BE",246,627,"Worb","Worb","Verwaltungskreis Bern-Mittelland","Bern / Berne","2010-01-01"
75602430755,755,"Worben",243,"BE","BE",243,755,"Worben","Worben","Verwaltungskreis Seeland","Bern / Berne","2010-01-01"
75602440345,345,"Wynau",244,"BE","BE",244,345,"Wynau","Wynau","Verwaltungskreis Oberaargau","Bern / Berne","2010-01-01"
75602450424,424,"Wynigen",245,"BE","BE",245,424,"Wynigen","Wynigen","Verwaltungskreis Emmental","Bern / Berne","2010-01-01"
75602440960,960,"Wyssachen",244,"BE","BE",244,960,"Wyssachen","Wyssachen","Verwaltungskreis Oberaargau","Bern / Berne","2010-01-01"
75602460628,628,"Zäziwil",246,"BE","BE",246,628,"Zäziwil","Zäziwil","Verwaltungskreis Bern-Mittelland","Bern / Berne","2010-01-01"
75602450556,556,"Zielebach",245,"BE","BE",245,556,"Zielebach","Zielebach","Verwaltungskreis Emmental","Bern / Berne","2010-01-01"
75602460361,361,"Zollikofen",246,"BE","BE",246,361,"Zollikofen","Zollikofen","Verwaltungskreis Bern-Mittelland","Bern / Berne","2010-01-01"
75602460557,557,"Zuzwil (BE)",246,"BE","BE",246,557,"Zuzwil (BE)","Zuzwil (BE)","Verwaltungskreis Bern-Mittelland","Bern / Berne","2010-01-01"
75602480794,794,"Zweisimmen",248,"BE","BE",248,794,"Zweisimmen","Zweisimmen","Verwaltungskreis Obersimmental-Saanen","Bern / Berne","2010-01-01"
75602470947,947,"Zwieselberg ",247,"BE","BE",247,947,"Zwieselberg","Zwieselberg","Verwaltungskreis Thun","Bern / Berne","2010-01-01"
